{"count":1,"self":132.2203136,"total":146.1684582,"children":{"InitializeActuators":{"count":1,"self":0.0083451,"total":0.0083451,"children":null},"InitializeSensors":{"count":1,"self":0.0029908,"total":0.0029908,"children":null},"AgentSendState":{"count":6931,"self":0.71427279999999993,"total":0.92896079999999992,"children":{"CollectObservations":{"count":6931,"self":0.1407482,"total":0.1407482,"children":null},"WriteActionMask":{"count":6931,"self":0.011695299999999999,"total":0.011695299999999999,"children":null},"RequestDecision":{"count":6931,"self":0.062244499999999994,"total":0.062244499999999994,"children":null}}},"DecideAction":{"count":6931,"self":12.879521599999999,"total":12.979454599999999,"children":{"RayPerceptionSensor.Perceive":{"count":6931,"self":0.099933299999999989,"total":0.099933299999999989,"children":null}}},"AgentAct":{"count":6931,"self":0.025365099999999998,"total":0.025365099999999998,"children":null}},"gauges":{"CarAgent.CumulativeReward":{"count":2,"max":-0.342690736,"min":-0.42989412,"runningAverage":-0.386292428,"value":-0.342690736,"weightedAverage":-0.408093274}},"metadata":{"timer_format_version":"0.1.0","start_time_seconds":"1696250926","unity_version":"2021.2.7f1","command_line_arguments":"C:\\Program Files\\Unity\\Hub\\Editor\\2021.2.7f1\\Editor\\Unity.exe -projectpath C:\\Users\\scalu\\OneDrive\\Desktop\\salvare\\unity\\UnityProj\\MLagents_test1 -useHub -hubIPC -cloudEnvironment production","communication_protocol_version":"1.5.0","com.unity.ml-agents_version":"2.3.0-exp.3","scene_name":"SampleScene","end_time_seconds":"1696251072"}}