{
    "name": "root",
    "gauges": {
        "CarAgent.Policy.Entropy.mean": {
            "value": 1.9686428308486938,
            "min": 1.8911643028259277,
            "max": 2.885772705078125,
            "count": 100
        },
        "CarAgent.Policy.Entropy.sum": {
            "value": 97467.5078125,
            "min": 93389.65625,
            "max": 153753.96875,
            "count": 100
        },
        "CarAgent.Environment.EpisodeLength.mean": {
            "value": 1971.6190476190477,
            "min": 212.8913043478261,
            "max": 2015.851851851852,
            "count": 100
        },
        "CarAgent.Environment.EpisodeLength.sum": {
            "value": 41404.0,
            "min": 36087.0,
            "max": 62314.0,
            "count": 100
        },
        "CarAgent.Step.mean": {
            "value": 4999496.0,
            "min": 49748.0,
            "max": 4999496.0,
            "count": 100
        },
        "CarAgent.Step.sum": {
            "value": 4999496.0,
            "min": 49748.0,
            "max": 4999496.0,
            "count": 100
        },
        "CarAgent.Policy.ExtrinsicValueEstimate.mean": {
            "value": -0.010945352725684643,
            "min": -0.026456136256456375,
            "max": 1.2403805255889893,
            "count": 100
        },
        "CarAgent.Policy.ExtrinsicValueEstimate.sum": {
            "value": -1.1930434703826904,
            "min": -3.095367908477783,
            "max": 306.3739929199219,
            "count": 100
        },
        "CarAgent.Environment.CumulativeReward.mean": {
            "value": -0.15076868750509761,
            "min": -0.4904449721798301,
            "max": -0.05638502274012687,
            "count": 100
        },
        "CarAgent.Environment.CumulativeReward.sum": {
            "value": -3.16614243760705,
            "min": -110.41363644041121,
            "max": -1.8640106124803424,
            "count": 100
        },
        "CarAgent.Policy.ExtrinsicReward.mean": {
            "value": -0.15076868750509761,
            "min": -0.4904449721798301,
            "max": -0.05638502274012687,
            "count": 100
        },
        "CarAgent.Policy.ExtrinsicReward.sum": {
            "value": -3.16614243760705,
            "min": -110.41363644041121,
            "max": -1.8640106124803424,
            "count": 100
        },
        "CarAgent.Losses.PolicyLoss.mean": {
            "value": 0.03136428558859137,
            "min": 0.030630383217993027,
            "max": 0.03563306945937009,
            "count": 100
        },
        "CarAgent.Losses.PolicyLoss.sum": {
            "value": 0.34500714147450506,
            "min": 0.33298634752959855,
            "max": 0.4260363455396145,
            "count": 100
        },
        "CarAgent.Losses.ValueLoss.mean": {
            "value": 0.00017264700314773666,
            "min": 3.540894220515673e-05,
            "max": 0.21451597574738449,
            "count": 100
        },
        "CarAgent.Losses.ValueLoss.sum": {
            "value": 0.0018991170346251032,
            "min": 0.000389498364256724,
            "max": 2.3596757332212293,
            "count": 100
        },
        "CarAgent.Policy.LearningRate.mean": {
            "value": 1.4643613300945425e-06,
            "min": 1.4643613300945425e-06,
            "max": 0.00029848372414178906,
            "count": 100
        },
        "CarAgent.Policy.LearningRate.sum": {
            "value": 1.6107974631039967e-05,
            "min": 1.6107974631039967e-05,
            "max": 0.0035464743178418995,
            "count": 100
        },
        "CarAgent.Policy.Epsilon.mean": {
            "value": 0.10048808727272728,
            "min": 0.10048808727272728,
            "max": 0.19949457454545455,
            "count": 100
        },
        "CarAgent.Policy.Epsilon.sum": {
            "value": 1.10536896,
            "min": 1.10536896,
            "max": 2.3821581,
            "count": 100
        },
        "CarAgent.Policy.Beta.mean": {
            "value": 5.875991854545446e-05,
            "min": 5.875991854545446e-05,
            "max": 0.009949507997090908,
            "count": 100
        },
        "CarAgent.Policy.Beta.sum": {
            "value": 0.000646359103999999,
            "min": 0.000646359103999999,
            "max": 0.11821759419,
            "count": 100
        },
        "CarAgent.IsTraining.mean": {
            "value": 1.0,
            "min": 1.0,
            "max": 1.0,
            "count": 100
        },
        "CarAgent.IsTraining.sum": {
            "value": 1.0,
            "min": 1.0,
            "max": 1.0,
            "count": 100
        }
    },
    "metadata": {
        "timer_format_version": "0.1.0",
        "start_time_seconds": "1683121837",
        "python_version": "3.10.8 (tags/v3.10.8:aaaf517, Oct 11 2022, 16:50:30) [MSC v.1933 64 bit (AMD64)]",
        "command_line_arguments": "C:\\Users\\scalu\\OneDrive\\Desktop\\unity\\MLagents_test1\\venv\\Scripts\\mlagents-learn config/CarAgent.yaml --run-id=CarAgent_reinforcement_1 --force",
        "mlagents_version": "0.30.0",
        "mlagents_envs_version": "0.30.0",
        "communication_protocol_version": "1.5.0",
        "pytorch_version": "2.0.0+cu118",
        "numpy_version": "1.23.5",
        "end_time_seconds": "1683135995"
    },
    "total": 14158.063244900026,
    "count": 1,
    "self": 0.034793100028764457,
    "children": {
        "run_training.setup": {
            "total": 0.12238839996280149,
            "count": 1,
            "self": 0.12238839996280149
        },
        "TrainerController.start_learning": {
            "total": 14157.906063400034,
            "count": 1,
            "self": 34.80385871784529,
            "children": {
                "TrainerController._reset_env": {
                    "total": 19.512334000028204,
                    "count": 1,
                    "self": 19.512334000028204
                },
                "TrainerController.advance": {
                    "total": 14103.343688482128,
                    "count": 500616,
                    "self": 17.13774957729038,
                    "children": {
                        "env_step": {
                            "total": 14086.205938904837,
                            "count": 500616,
                            "self": 8151.783908173558,
                            "children": {
                                "SubprocessEnvManager._take_step": {
                                    "total": 5915.686289122968,
                                    "count": 500618,
                                    "self": 83.79515882546548,
                                    "children": {
                                        "TorchPolicy.evaluate": {
                                            "total": 5831.891130297503,
                                            "count": 500618,
                                            "self": 5831.891130297503
                                        }
                                    }
                                },
                                "workers": {
                                    "total": 18.73574160831049,
                                    "count": 500616,
                                    "self": 0.0,
                                    "children": {
                                        "worker_root": {
                                            "total": 13980.116275110864,
                                            "count": 500616,
                                            "is_parallel": true,
                                            "self": 8820.21014633018,
                                            "children": {
                                                "steps_from_proto": {
                                                    "total": 0.0040966999949887395,
                                                    "count": 3,