{
    "name": "root",
    "gauges": {
        "CarAgent.Policy.Entropy.mean": {
            "value": 0.3853735327720642,
            "min": 0.3853735327720642,
            "max": 0.43772968649864197,
            "count": 12
        },
        "CarAgent.Policy.Entropy.sum": {
            "value": 18910.279296875,
            "min": 1190.624755859375,
            "max": 22271.744140625,
            "count": 12
        },
        "CarAgent.Step.mean": {
            "value": 3649783.0,
            "min": 3099925.0,
            "max": 3649783.0,
            "count": 12
        },
        "CarAgent.Step.sum": {
            "value": 3649783.0,
            "min": 3099925.0,
            "max": 3649783.0,
            "count": 12
        },
        "CarAgent.Policy.ExtrinsicValueEstimate.mean": {
            "value": -0.0026743493508547544,
            "min": -0.004208045080304146,
            "max": -0.0019313310040161014,
            "count": 12
        },
        "CarAgent.Policy.ExtrinsicValueEstimate.sum": {
            "value": -0.532195508480072,
            "min": -0.8416090607643127,
            "max": -0.013519316911697388,
            "count": 12
        },
        "CarAgent.Policy.GailValueEstimate.mean": {
            "value": 0.18920037150382996,
            "min": 0.09409763664007187,
            "max": 0.22031064331531525,
            "count": 12
        },
        "CarAgent.Policy.GailValueEstimate.sum": {
            "value": 37.650875091552734,
            "min": 0.6586834788322449,
            "max": 44.282440185546875,
            "count": 12
        },
        "CarAgent.IsTraining.mean": {
            "value": 1.0,
            "min": 1.0,
            "max": 1.0,
            "count": 12
        },
        "CarAgent.IsTraining.sum": {
            "value": 1.0,
            "min": 1.0,
            "max": 1.0,
            "count": 12
        },
        "CarAgent.Environment.EpisodeLength.mean": {
            "value": 6821.4,
            "min": 3149.0,
            "max": 6821.4,
            "count": 11
        },
        "CarAgent.Environment.EpisodeLength.sum": {
            "value": 68214.0,
            "min": 6298.0,
            "max": 68214.0,
            "count": 11
        },
        "CarAgent.Environment.CumulativeReward.mean": {
            "value": -1.3511556775774807,
            "min": -1.658510872961155,
            "max": -0.9029304946307093,
            "count": 11
        },
        "CarAgent.Environment.CumulativeReward.sum": {
            "value": -13.511556775774807,
            "min": -16.02085786126554,
            "max": -1.8058609892614186,
            "count": 11
        },
        "CarAgent.Policy.ExtrinsicReward.mean": {
            "value": -1.3511556775774807,
            "min": -1.658510872961155,
            "max": -0.9029304946307093,
            "count": 11
        },
        "CarAgent.Policy.ExtrinsicReward.sum": {
            "value": -13.511556775774807,
            "min": -16.02085786126554,
            "max": -1.8058609892614186,
            "count": 11
        },
        "CarAgent.Policy.GailReward.mean": {
            "value": 262.03820004463194,
            "min": 131.18965954333544,
            "max": 278.9371592104435,
            "count": 11
        },
        "CarAgent.Policy.GailReward.sum": {
            "value": 2620.3820004463196,
            "min": 262.3793190866709,
            "max": 2789.371592104435,
            "count": 11
        },
        "CarAgent.Losses.PolicyLoss.mean": {
            "value": 0.017378765940084123,
            "min": 0.014052888265966129,
            "max": 0.018927618184825405,
            "count": 11
        },
        "CarAgent.Losses.PolicyLoss.sum": {
            "value": 0.034757531880168245,
            "min": 0.03227580210659653,
            "max": 0.050276160098146644,
            "count": 11
        },
        "CarAgent.Losses.ValueLoss.mean": {
            "value": 0.00017369567540299614,
            "min": 0.00017369567540299614,
            "max": 0.00023208064652862958,
            "count": 11
        },
        "CarAgent.Losses.ValueLoss.sum": {
            "value": 0.0003473913508059923,
            "min": 0.0003473913508059923,
            "max": 0.000598354360263329,
            "count": 11
        },
        "CarAgent.Policy.LearningRate.mean": {
            "value": 2.748548251459e-05,
            "min": 2.748548251459e-05,
            "max": 3.7399562600500006e-05,
            "count": 11
        },
        "CarAgent.Policy.LearningRate.sum": {
            "value": 5.497096502918e-05,
            "min": 5.497096502918e-05,
            "max": 0.00010657417342602,
            "count": 11
        },
        "CarAgent.Policy.Epsilon.mean": {
            "value": 0.12748541000000002,
            "min": 0.12748541000000002,
            "max": 0.1373995,
            "count": 11
        },
        "CarAgent.Policy.Epsilon.sum": {
            "value": 0.25497082000000004,
            "min": 0.25497082000000004,
            "max": 0.40657398,
            "count": 11
        },
        "CarAgent.Policy.Beta.mean": {
            "value": 3.4736869e-05,
            "min": 3.4736869e-05,
            "max": 4.365954999999998e-05,
            "count": 11
        },
        "CarAgent.Policy.Beta.sum": {
            "value": 6.9473738e-05,
            "min": 6.9473738e-05,
            "max": 0.000125916582,
            "count": 11
        },
        "CarAgent.Policy.GAILPolicyEstimate.mean": {
            "value": 0.1666406375169754,
            "min": 0.1666406375169754,
            "max": 0.19517491817474364,
            "count": 11
        },
        "CarAgent.Policy.GAILPolicyEstimate.sum": {
            "value": 0.3332812750339508,
            "min": 0.3332812750339508,
            "max": 0.5428571826219559,
            "count": 11
        },
        "CarAgent.Policy.GAILExpertEstimate.mean": {
            "value": 0.8375162386894226,
            "min": 0.8332501548528671,
            "max": 0.8375162386894226,
            "count": 11
        },
        "CarAgent.Policy.GAILExpertEstimate.sum": {
            "value": 1.6750324773788452,
            "min": 1.6665003097057343,
            "max": 2.5121623742580415,
            "count": 11
        },
        "CarAgent.Losses.GAILLoss.mean": {
            "value": 0.436941329240799,
            "min": 0.436941329240799,
            "max": 0.47166902661323545,
            "count": 11
        },
        "CarAgent.Losses.GAILLoss.sum": {
            "value": 0.873882658481598,
            "min": 0.873882658481598,
            "max": 1.3611609774827957,
            "count": 11
        },
        "CarAgent.Policy.GAILGradMagLoss.mean": {
            "value": 0.036724059376865625,
            "min": 0.032621004004031416,
            "max": 2.9137627196819946,
            "count": 11
        },
        "CarAgent.Policy.GAILGradMagLoss.sum": {
            "value": 0.07344811875373125,
            "min": 0.06524200800806283,
            "max": 5.827525439363989,
            "count": 11
        },
        "CarAgent.Losses.PretrainingLoss.mean": {
            "value": 0.1985912013385031,
            "min": 0.1985912013385031,
            "max": 0.21457652226090432,
            "count": 11
        },
        "CarAgent.Losses.PretrainingLoss.sum": {
            "value": 0.3971824026770062,
            "min": 0.3971824026770062,
            "max": 0.6339988958504466,
            "count": 11
        }
    },
    "metadata": {
        "timer_format_version": "0.1.0",
        "start_time_seconds": "1684830112",
        "python_version": "3.10.8 (tags/v3.10.8:aaaf517, Oct 11 2022, 16:50:30) [MSC v.1933 64 bit (AMD64)]",
        "command_line_arguments": "C:\\Users\\scalu\\OneDrive\\Desktop\\unity\\MLagents_test1\\venv\\Scripts\\mlagents-learn config/CarAgent.yaml --run-id=CarAgent_rl+im_2 --resume",
        "mlagents_version": "0.30.0",
        "mlagents_envs_version": "0.30.0",
        "communication_protocol_version": "1.5.0",