{
    "name": "root",
    "gauges": {
        "CarAgent.Policy.Entropy.mean": {
            "value": 2.2004716396331787,
            "min": 2.181556463241577,
            "max": 2.640193223953247,
            "count": 100
        },
        "CarAgent.Policy.Entropy.sum": {
            "value": 111211.8359375,
            "min": 107572.5546875,
            "max": 133605.3125,
            "count": 100
        },
        "CarAgent.Step.mean": {
            "value": 4999824.0,
            "min": 49575.0,
            "max": 4999824.0,
            "count": 100
        },
        "CarAgent.Step.sum": {
            "value": 4999824.0,
            "min": 49575.0,
            "max": 4999824.0,
            "count": 100
        },
        "CarAgent.Policy.ExtrinsicValueEstimate.mean": {
            "value": -0.01253888476639986,
            "min": -0.03570988029241562,
            "max": -0.000677349278703332,
            "count": 100
        },
        "CarAgent.Policy.ExtrinsicValueEstimate.sum": {
            "value": -1.4043550491333008,
            "min": -3.8923768997192383,
            "max": -0.07179902493953705,
            "count": 100
        },
        "CarAgent.Environment.EpisodeLength.mean": {
            "value": 1950.5,
            "min": 1500.5,
            "max": 5365.916666666667,
            "count": 100
        },
        "CarAgent.Environment.EpisodeLength.sum": {
            "value": 50713.0,
            "min": 12192.0,
            "max": 81217.0,
            "count": 100
        },
        "CarAgent.Losses.PolicyLoss.mean": {
            "value": 0.033861700011523985,
            "min": 0.028572713954384776,
            "max": 0.036633077936453956,
            "count": 100
        },
        "CarAgent.Losses.PolicyLoss.sum": {
            "value": 0.4063404001382878,
            "min": 0.312888180217447,
            "max": 0.4213809635832958,
            "count": 100
        },
        "CarAgent.Losses.ValueLoss.mean": {
            "value": 0.00038379097838969756,
            "min": 0.00010234441528053947,
            "max": 0.014106238152237858,
            "count": 100
        },
        "CarAgent.Losses.ValueLoss.sum": {
            "value": 0.004605491740676371,
            "min": 0.0011257885680859342,
            "max": 0.12695614337014072,
            "count": 100
        },
        "CarAgent.Policy.LearningRate.mean": {
            "value": 1.4887795037733361e-06,
            "min": 1.4887795037733361e-06,
            "max": 0.0002985112004962666,
            "count": 100
        },
        "CarAgent.Policy.LearningRate.sum": {
            "value": 1.7865354045280034e-05,
            "min": 1.7865354045280034e-05,
            "max": 0.0034373274542241995,
            "count": 100
        },
        "CarAgent.Policy.Epsilon.mean": {
            "value": 0.10049622666666667,
            "min": 0.10049622666666667,
            "max": 0.19950373333333332,
            "count": 100
        },
        "CarAgent.Policy.Epsilon.sum": {
            "value": 1.20595472,
            "min": 1.11649218,
            "max": 2.3457758,
            "count": 100
        },
        "CarAgent.Policy.Beta.mean": {
            "value": 5.9573044000000116e-05,
            "min": 5.9573044000000116e-05,
            "max": 0.009950422959999998,
            "count": 100
        },
        "CarAgent.Policy.Beta.sum": {
            "value": 0.0007148765280000014,
            "min": 0.0007148765280000014,
            "max": 0.11458300242,
            "count": 100
        },
        "CarAgent.Environment.CumulativeReward.mean": {
            "value": -0.20567197295335624,
            "min": -0.5612179577971498,
            "max": -0.15300891626005372,
            "count": 100
        },
        "CarAgent.Environment.CumulativeReward.sum": {
            "value": -5.347471296787262,
            "min": -12.644038042984903,
            "max": -1.9534338377416134,
            "count": 100
        },
        "CarAgent.Policy.ExtrinsicReward.mean": {
            "value": -0.20567197295335624,
            "min": -0.5612179577971498,
            "max": -0.15300891626005372,
            "count": 100
        },
        "CarAgent.Policy.ExtrinsicReward.sum": {
            "value": -5.347471296787262,
            "min": -12.644038042984903,
            "max": -1.9534338377416134,
            "count": 100
        },
        "CarAgent.IsTraining.mean": {
            "value": 1.0,
            "min": 1.0,
            "max": 1.0,
            "count": 100
        },
        "CarAgent.IsTraining.sum": {
            "value": 1.0,
            "min": 1.0,
            "max": 1.0,
            "count": 100
        }
    },
    "metadata": {
        "timer_format_version": "0.1.0",
        "start_time_seconds": "1683319394",
        "python_version": "3.10.8 (tags/v3.10.8:aaaf517, Oct 11 2022, 16:50:30) [MSC v.1933 64 bit (AMD64)]",
        "command_line_arguments": "C:\\Users\\scalu\\OneDrive\\Desktop\\unity\\MLagents_test1\\venv\\Scripts\\mlagents-learn config/CarAgent.yaml --initialize-from=CarAgent_reinforcement_5 --run-id=CarAgent_reinforcement_6",
        "mlagents_version": "0.30.0",
        "mlagents_envs_version": "0.30.0",
        "communication_protocol_version": "1.5.0",
        "pytorch_version": "2.0.0+cu118",
        "numpy_version": "1.23.5",
        "end_time_seconds": "1683333494"
    },
    "total": 14099.856526600022,
    "count": 1,
    "self": 0.055904700071550906,
    "children": {
        "run_training.setup": {
            "total": 0.3394329999573529,
            "count": 1,
            "self": 0.3394329999573529
        },
        "TrainerController.start_learning": {
            "total": 14099.461188899993,
            "count": 1,
            "self": 35.02149150922196,
            "children": {
                "TrainerController._reset_env": {
                    "total": 54.91116570000304,
                    "count": 1,
                    "self": 54.91116570000304
                },
                "TrainerController.advance": {
                    "total": 14009.252558190725,
                    "count": 500271,
                    "self": 16.864188256731723,
                    "children": {
                        "env_step": {
                            "total": 13992.388369933993,
                            "count": 500271,
                            "self": 8111.4730499826255,
                            "children": {
                                "SubprocessEnvManager._take_step": {
                                    "total": 5862.138869238843,
                                    "count": 500271,
                                    "self": 83.64464393624803,
                                    "children": {
                                        "TorchPolicy.evaluate": {
                                            "total": 5778.494225302595,
                                            "count": 500271,
                                            "self": 5778.494225302595
                                        }
                                    }
                                },
                                "workers": {
                                    "total": 18.77645071252482,
                                    "count": 500271,
                                    "self": 0.0,
                                    "children": {
                                        "worker_root": {
                                            "total": 14007.940840902564,
                                            "count": 500271,
                                            "is_parallel": true,
                                            "self": 8673.112247020996,
                                            "children": {
                                                "steps_from_proto": {
                                                    "total": 0.00656929996330291,
                                                    "count": 1,